id,activity_name,activity_type,materials_needed,time_required,age_group,difficulty_level,instructions
0,Family Picnic,Outdoor,"Picnic blanket, Basket of food, Drinks",2 hours,Toddlers,Easy,"Spread out the blanket, arrange the food and drinks, and enjoy a meal together in a park or backyard."
1,DIY Craft Project,Indoor,"Craft supplies, Glue, Scissors",1 hour,School-aged,Moderate,"Choose a craft project, gather all necessary supplies, and follow the steps to complete the craft. Supervise children with glue and scissors."
2,Board Game Night,Indoor,"Board games, Snacks",2 hours,Teens,Easy,"Select a few board games, set up a comfortable area for playing, and enjoy a night of games and snacks with family or friends."
3,Nature Walk,Outdoor,"Comfortable shoes, Water bottle",1 hour,All ages,Easy,"Pick a nature trail or park, wear comfortable shoes, and walk along the trail while enjoying the natural surroundings. Stay hydrated."
4,Cooking Class,Indoor,"Cooking ingredients, Utensils",2 hours,Teens,Moderate,"Choose a recipe, gather all ingredients and utensils, and follow the recipe steps to prepare a meal. Optionally, teach or learn cooking techniques."
5,Art Exhibition Visit,Outdoor,"Tickets, Map of exhibits",2 hours,Teens,Easy,"Visit an art gallery or museum, follow the map to explore different exhibits, and appreciate the artwork."
6,Book Reading Session,Indoor,"Books, Comfortable seating",1 hour,All ages,Easy,"Choose a book, get comfortable, and read aloud or silently. Discuss the book afterward if desired."
7,Camping Trip,Outdoor,"Tent, Sleeping bags, Cooking equipment",2 days,Teens,Challenging,"Set up the tent, prepare meals over a campfire or portable stove, and enjoy outdoor activities like hiking and star-gazing."
8,Dance Party,Indoor,"Music, Speakers, Space to dance",2 hours,Teens,Moderate,"Create a playlist of favorite songs, set up speakers, and enjoy dancing with friends or family."
9,Egg Hunt,Outdoor,"Plastic eggs, Small toys or candies",1 hour,Toddlers,Easy,"Hide the plastic eggs in the yard or park, and let children search for them. Reward found eggs with small toys or candies."
10,Fishing Trip,Outdoor,"Fishing rods, Bait, Tackle box",3 hours,Teens,Moderate,"Select a fishing spot, set up rods with bait, and try to catch fish. Ensure safety with life jackets if on a boat."
11,Garden Planting,Outdoor,"Seeds, Soil, Pots or garden bed",2 hours,School-aged,Moderate,"Prepare pots or garden beds with soil, plant seeds according to instructions, and water regularly. Watch plants grow over time."
12,Hiking Adventure,Outdoor,"Hiking boots, Backpack, Water, Snacks",3 hours,Teens,Moderate,"Choose a trail, pack essentials, and hike while enjoying the scenery. Follow trail markers and stay hydrated."
13,Ice Skating,Outdoor,"Ice skates, Warm clothing",1.5 hours,All ages,Moderate,"Rent or bring ice skates, dress warmly, and enjoy skating on an ice rink or frozen pond. Safety first with helmets and gloves."
14,Jewelry Making,Indoor,"Beads, Wire, Clasps",1.5 hours,Teens,Moderate,"Select beads and materials, design jewelry pieces, and assemble using wire and clasps. Follow tutorials if needed."
15,Kite Flying,Outdoor,"Kite, Open space",1 hour,Toddlers,Easy,Assemble and fly the kite in an open area with minimal obstacles. Enjoy the visual and physical activity of kite flying.
16,Laser Tag,Indoor,Laser tag equipment,1.5 hours,Teens,Challenging,"Split into teams, follow the rules of the game, and compete in a laser tag arena. Aim for targets and avoid being tagged."
17,Museum Tour,Indoor,"Tickets, Map",2 hours,All ages,Easy,"Explore exhibits in a museum, use the map to navigate, and learn about different artifacts and displays."
18,Outdoor Movie Night,Outdoor,"Projector, Screen, Blankets, Snacks",2 hours,All ages,Moderate,"Set up the projector and screen, arrange seating with blankets, and enjoy a movie under the stars with snacks."
19,Potluck Dinner,Indoor,"Food dishes, Serving utensils",2 hours,All ages,Easy,"Each participant brings a dish to share, set up a buffet-style table, and enjoy a meal with a variety of homemade dishes."
20,Puzzle Solving,Indoor,Jigsaw puzzles,1.5 hours,School-aged,Moderate,"Choose a jigsaw puzzle, set up a workspace, and work together to complete the puzzle. Challenge with complex designs."
21,Rock Climbing,Outdoor,"Climbing gear, Safety harness",2 hours,Teens,Challenging,"Wear climbing gear, follow safety instructions, and climb designated routes on a climbing wall or outdoor rock face."
22,Scenic Drive,Outdoor,"Car, Map or GPS",2 hours,All ages,Easy,"Plan a route with scenic views, drive while enjoying the landscape, and stop at viewpoints for photos and breaks."
23,Sleepover,Indoor,"Sleeping bags, Snacks, Movies",1 night,Teens,Easy,"Set up sleeping bags, prepare snacks and movies, and enjoy a night of fun activities and bonding with friends."
24,Sports Game,Outdoor,"Sports equipment, Team jerseys",2 hours,Teens,Moderate,"Organize a game with teams, set up the field or court, and play a match of your favorite sport."
25,Swimming Pool Party,Outdoor,"Swimsuits, Pool toys, Towels",2 hours,All ages,Easy,"Gather at a swimming pool, use pool toys, and enjoy swimming and playing games in the water."
26,Tea Party,Indoor,"Teacups, Tea, Snacks",1.5 hours,All ages,Easy,"Prepare tea and snacks, set up a table with teacups, and enjoy a relaxed tea time with conversation and treats."
27,Treehouse Building,Outdoor,"Wood, Tools, Safety gear",2 days,Teens,Challenging,Plan and build a treehouse with proper tools and safety gear. Ensure a stable structure and enjoy the final result.
28,Volunteering,Outdoor,"Volunteer materials, Appropriate attire",2 hours,All ages,Moderate,"Participate in a community service project, follow instructions, and contribute to a meaningful cause."
29,Water Balloon Fight,Outdoor,"Water balloons, Buckets",1 hour,School-aged,Easy,"Fill water balloons, set up a designated area, and enjoy a fun water balloon fight. Ensure safety and proper cleanup."
30,Yoga Session,Indoor,"Yoga mats, Comfortable clothing",1 hour,All ages,Moderate,"Follow a yoga routine, use mats for comfort, and practice various poses and stretches. Focus on relaxation and flexibility."
31,Zoo Visit,Outdoor,"Tickets, Comfortable shoes",2 hours,All ages,Easy,"Visit a zoo, follow the map to see different animals, and enjoy educational displays and interactive exhibits."
32,Art and Craft Fair,Outdoor,"Tickets, Money for purchases",2 hours,Teens,Easy,"Explore different booths, view and purchase crafts, and enjoy the artistic displays and activities at the fair."
33,Beach Day,Outdoor,"Beach towel, Sunscreen, Snacks",3 hours,All ages,Easy,"Set up a spot on the beach, apply sunscreen, enjoy swimming, playing beach games, and relaxing with snacks."
34,Bird Watching,Outdoor,"Binoculars, Bird guidebook",2 hours,Teens,Moderate,"Use binoculars to observe birds, refer to a guidebook to identify species, and enjoy the experience of observing wildlife."
35,Building Forts,Indoor,"Blankets, Pillows, Chairs",1.5 hours,Toddlers,Easy,"Build forts using blankets and pillows over chairs, create a cozy space, and enjoy imaginative play inside the fort."
36,Cooking Competition,Indoor,"Cooking ingredients, Utensils",2 hours,Teens,Challenging,"Organize a cooking competition with participants, choose a dish to prepare, and judge the results based on taste and presentation."
37,Creative Writing Workshop,Indoor,"Notebooks, Pens",1.5 hours,Teens,Moderate,"Participate in writing exercises, create short stories or poems, and share work with others for feedback and improvement."
38,Digital Scavenger Hunt,Indoor,"Smartphone or tablet, List of items",1 hour,Teens,Moderate,"Use a smartphone or tablet to find and photograph items from a list, and compete to complete the list first."
39,Fishing Derby,Outdoor,"Fishing rods, Bait, Tackle box",3 hours,Teens,Moderate,"Participate in a fishing competition, follow rules to catch and weigh fish, and compete for prizes based on size and number of fish."
40,Geocaching,Outdoor,"GPS device, Geocache items",2 hours,Teens,Moderate,"Use a GPS device to find hidden geocaches, exchange items in the caches, and log your find online."
41,Ice Cream Making,Indoor,"Ice cream maker, Ingredients",1.5 hours,Teens,Moderate,"Prepare ingredients for ice cream, use an ice cream maker to churn, and enjoy homemade ice cream flavors."
42,Jungle Gym Play,Outdoor,Jungle gym equipment,1 hour,Toddlers,Easy,"Supervise children as they play on jungle gym equipment, encourage climbing, swinging, and sliding."
43,Laser Maze,Indoor,"Laser maze setup, Markers",1.5 hours,Teens,Challenging,"Set up a laser maze with markers, navigate through the maze without touching the lasers, and time the challenge for fun."
44,Magic Show,Indoor,"Magic props, Seating",1.5 hours,All ages,Easy,"Organize a magic show, prepare props for tricks, and entertain the audience with illusions and magic acts."
45,Origami Workshop,Indoor,"Origami paper, Instruction book",1.5 hours,School-aged,Moderate,"Follow instructions from an origami book to fold paper into various shapes and figures, and create origami art."
46,Parkour Practice,Outdoor,"Open space, Parkour equipment",2 hours,Teens,Challenging,"Use open spaces and parkour equipment to practice jumps, vaults, and other parkour moves, and improve agility and strength."
47,Pottery Painting,Indoor,"Pottery pieces, Paints, Brushes",2 hours,Teens,Moderate,"Select a pottery piece, paint designs, and let it dry. Optionally, glaze and fire the pottery for a finished piece."
48,Roller Skating,Outdoor,"Roller skates, Protective gear",1.5 hours,All ages,Moderate,"Wear roller skates and protective gear, skate at a rink or along a smooth path, and enjoy the activity with friends or family."
49,Science Fair,Indoor,"Science projects, Presentation materials",2 hours,School-aged,Moderate,"Prepare and present science projects, display experiments and findings, and engage in discussions with visitors."
50,Skateboarding,Outdoor,"Skateboard, Safety gear",1.5 hours,Teens,Moderate,"Wear safety gear, practice skateboarding tricks at a skate park or safe area, and enjoy the sport with friends."
51,Theater Performance,Indoor,"Tickets, Seating",2 hours,All ages,Easy,"Attend a theater performance, enjoy the show, and appreciate the acting and stage production."
52,Virtual Reality Experience,Indoor,"VR headset, VR games",1.5 hours,Teens,Moderate,"Use a VR headset to play virtual reality games or experience VR environments, and enjoy immersive experiences."
53,Wilderness Survival Skills,Outdoor,"Survival gear, Safety equipment",3 hours,Teens,Challenging,"Learn and practice survival skills such as building shelters, starting fires, and finding food in the wilderness."
54,Woodworking Project,Indoor,"Wood, Tools, Safety gear",3 hours,Teens,Challenging,"Plan and create a woodworking project, use appropriate tools and safety gear, and assemble the project."
55,Astronomy Night,Outdoor,"Telescope, Star charts",2 hours,Teens,Moderate,"Set up a telescope, use star charts to identify celestial bodies, and enjoy stargazing and learning about the night sky."
56,Ballet Class,Indoor,"Ballet shoes, Dance attire",1.5 hours,School-aged,Moderate,"Wear appropriate dance attire, follow a structured ballet routine with a focus on technique and practice."
57,Birdhouse Building,Outdoor,"Wood, Nails, Hammer, Paint",2 hours,School-aged,Moderate,"Assemble and decorate a birdhouse using wood, nails, and paint. Hang it outside to attract local birds."
58,Bookbinding,Indoor,"Binding materials, Glue, Paper",2 hours,Teens,Moderate,"Prepare pages and cover, bind them together with glue and other materials, and create a finished book."
59,Canoeing,Outdoor,"Canoe, Paddles, Life jackets",2 hours,Teens,Moderate,"Use a canoe and paddles to navigate waterways, practice paddling techniques, and ensure safety with life jackets."
60,Clay Sculpting,Indoor,"Clay, Sculpting tools",2 hours,Teens,Moderate,"Use clay and sculpting tools to create sculptures or pottery, and let the clay dry or bake as needed."
61,Cooking for Kids,Indoor,"Simple cooking ingredients, Utensils",1 hour,Toddlers,Easy,"Prepare simple recipes suitable for children, engage in hands-on cooking, and enjoy a meal made together."
62,Costume Party,Indoor,"Costumes, Decorations",2 hours,All ages,Easy,"Dress up in costumes, decorate the party space, and enjoy themed activities and games with guests."
63,Doodle Art,Indoor,"Paper, Markers, Colored pencils",1.5 hours,School-aged,Easy,Draw and color creative doodles on paper using markers and colored pencils. Explore different patterns and designs.
64,Duck Derby,Outdoor,"Rubber ducks, Buckets",1 hour,Toddlers,Easy,"Float rubber ducks in a stream or pool, and have races to see which duck reaches the finish line first."
65,Family Talent Show,Indoor,"Performance space, Props",2 hours,All ages,Moderate,Organize a talent show where family members perform acts or showcase skills. Set up a stage area and use props as needed.
66,Fireworks Display,Outdoor,"Fireworks, Viewing area",1.5 hours,All ages,Easy,"Arrange for a fireworks display, set up a safe viewing area, and enjoy the colorful show."
67,Fishing Tournament,Outdoor,"Fishing rods, Bait, Tackle box",3 hours,Teens,Moderate,"Participate in a competitive fishing event, follow tournament rules, and compete for prizes based on fish caught."
68,Fitness Boot Camp,Outdoor,"Exercise equipment, Water bottle",1.5 hours,Teens,Challenging,"Participate in a series of high-intensity workouts using various exercise equipment, and stay hydrated throughout the session."
69,Flower Arranging,Indoor,"Fresh flowers, Vases, Floral foam",1.5 hours,Teens,Moderate,"Arrange fresh flowers in vases or floral foam, create aesthetically pleasing bouquets or centerpieces."
70,Geology Rock Collection,Outdoor,"Rock samples, Magnifying glass",2 hours,Teens,Moderate,"Collect different types of rocks, use a magnifying glass to examine details, and identify rock types using a guide."
71,Graffiti Art,Outdoor,"Spray paint, Protective gear",2 hours,Teens,Challenging,Create graffiti art on designated surfaces using spray paint. Follow safety protocols and legal guidelines.
72,Ice Sculpture Carving,Outdoor,"Ice blocks, Carving tools",3 hours,Teens,Challenging,"Carve sculptures from blocks of ice using specialized tools, and display the finished art pieces."
73,Jungle Safari,Outdoor,"Binoculars, Safari hats",2 hours,All ages,Easy,"Explore a park or nature reserve with binoculars and safari hats, and observe wildlife and natural scenery."
74,Lemonade Stand,Outdoor,"Lemonade ingredients, Table, Cups",1.5 hours,Toddlers,Easy,"Set up a lemonade stand with ingredients and supplies, and sell lemonade to neighbors or passersby."
75,Magic Tricks Workshop,Indoor,"Magic props, Instruction book",1.5 hours,School-aged,Moderate,"Learn and practice magic tricks using props and instructions, and perform for family or friends."
76,Model Rocket Launch,Outdoor,"Model rockets, Launch pad",2 hours,Teens,Moderate,"Assemble model rockets, set up a launch pad, and launch rockets while following safety guidelines."
77,Mosaic Art,Indoor,"Mosaic tiles, Glue, Base",2 hours,Teens,Moderate,"Create mosaic art by arranging tiles on a base and gluing them in place, and finish with grout if desired."
78,Mountain Biking,Outdoor,"Mountain bike, Helmet",2 hours,Teens,Moderate,"Ride a mountain bike on trails or rough terrain, follow safety guidelines, and enjoy the biking adventure."
79,Nature Photography,Outdoor,"Camera, Tripod",2 hours,Teens,Moderate,"Use a camera and tripod to capture photographs of natural landscapes and wildlife, focusing on composition and lighting."
80,Outdoor Obstacle Course,Outdoor,"Obstacle equipment, Safety gear",2 hours,Teens,Challenging,"Set up an obstacle course with various challenges, and complete the course while using safety gear."
81,Paintball Game,Outdoor,"Paintball markers, Protective gear",2 hours,Teens,Challenging,"Participate in a paintball game with markers and protective gear, and follow the rules for competitive play."
82,Racecar Driving Simulation,Indoor,"Racing simulator, VR headset",1.5 hours,Teens,Moderate,"Use a racing simulator or VR headset to experience driving simulations, and practice racing skills in a virtual environment."
83,Robotics Workshop,Indoor,"Robotics kits, Tools",2 hours,Teens,Moderate,"Assemble and program robots using kits and tools, and test their functionality and performance."
84,Sandcastle Building,Outdoor,"Sand toys, Buckets",1.5 hours,Toddlers,Easy,Use sand toys and buckets to build and decorate sandcastles at the beach or a sand pit.
85,Scenic Train Ride,Outdoor,Train tickets,2 hours,All ages,Easy,"Take a scenic train ride through picturesque landscapes, and enjoy the view from the train."
86,Skydiving Experience,Outdoor,"Skydiving gear, Instructor",2 hours,Teens,Challenging,"Undergo a tandem skydive with an instructor, and experience the thrill of freefalling before parachuting to the ground."
87,Soap Making,Indoor,"Soap base, Molds, Fragrances",2 hours,Teens,Moderate,"Melt soap base, pour into molds, add fragrances, and let the soap harden before use."
88,Stargazing with Apps,Outdoor,Smartphone with stargazing app,2 hours,Teens,Easy,"Use a stargazing app to identify stars and constellations, and enjoy learning about the night sky using a smartphone."
89,Storytelling Circle,Indoor,"Books, Story prompts",1.5 hours,All ages,Easy,"Gather in a circle to tell stories or read from books, using prompts to inspire creativity and imagination."
90,Tennis Match,Outdoor,"Tennis rackets, Tennis balls",1.5 hours,Teens,Moderate,"Play a tennis match with a partner, use tennis rackets and balls, and follow the rules of the game."
91,Terrarium Building,Indoor,"Glass jars, Plants, Soil",1.5 hours,Teens,Moderate,"Create a miniature garden in a glass jar using plants and soil, and arrange it for a decorative piece."
92,Virtual Museum Tour,Indoor,Computer or tablet,1.5 hours,All ages,Easy,"Take a virtual tour of a museum using a computer or tablet, and explore exhibits and galleries from home."
93,Watercolor Painting,Indoor,"Watercolor paints, Paper",1.5 hours,Teens,Moderate,"Use watercolor paints to create artwork on paper, experimenting with techniques and color blending."
94,Wine Tasting,Indoor,"Wine samples, Tasting notes",2 hours,Teens,Moderate,"Sample different wines, note flavors and characteristics, and discuss preferences with others."
95,Wood Carving,Outdoor,"Wood blocks, Carving tools",2 hours,Teens,Challenging,"Carve designs or figures from wood blocks using carving tools, and create detailed wooden sculptures."
96,Ziplining,Outdoor,"Safety harness, Helmet",2 hours,Teens,Challenging,"Use a safety harness and helmet to zipline across a course, enjoying the thrill and speed of the experience."
97,Acrobatics Workshop,Indoor,"Gymnastics mat, Safety equipment",2 hours,Teens,Challenging,"Practice acrobatics and gymnastics routines on a mat with safety equipment, and work on balance and flexibility."
98,Aquarium Visit,Outdoor,"Tickets, Comfortable shoes",2 hours,All ages,Easy,"Visit an aquarium, explore different aquatic exhibits, and learn about marine life through interactive displays."
99,Bird Feeder Craft,Outdoor,"Bird feeder kit, Birdseed",1.5 hours,School-aged,Moderate,"Assemble a bird feeder kit, fill it with birdseed, and hang it in a suitable outdoor location to attract local birds."
100,Bread Making,Indoor,"Flour, Yeast, Baking equipment",2 hours,Teens,Moderate,"Prepare bread dough using flour and yeast, let it rise, bake it, and enjoy freshly baked bread at home."
101,Bubble Blowing,Outdoor,"Bubble solution, Bubble wands",1 hour,Toddlers,Easy,"Use bubble solution and wands to blow bubbles, and enjoy watching them float and pop. Perfect for outdoor play."
102,Camping Storytelling,Outdoor,"Campfire setup, Story prompts",1.5 hours,All ages,Easy,"Gather around a campfire, use story prompts to inspire storytelling, and enjoy sharing tales and s'mores."
103,Claymation,Indoor,"Modeling clay, Camera",2 hours,Teens,Moderate,"Create clay figures and animate them using stop-motion techniques, and produce a short claymation film."
104,Coloring Book,Indoor,"Coloring books, Crayons",1 hour,Toddlers,Easy,"Use coloring books and crayons to color in designs, encouraging creativity and motor skills development."
105,Escape Room Challenge,Indoor,"Escape room kit, Puzzles",2 hours,Teens,Challenging,Solve puzzles and riddles to escape from a themed room within a set time limit. Follow clues to unlock the exit.
106,Flower Pressing,Indoor,"Flower specimens, Pressing kit",1.5 hours,Teens,Moderate,"Press flowers using a pressing kit, and create decorative items like bookmarks or framed art with the pressed flowers."
107,Game Show Night,Indoor,"Game show equipment, Prizes",2 hours,All ages,Easy,"Organize a game show with quiz questions or challenges, and award prizes to winners for a fun, competitive evening."
108,Glass Painting,Indoor,"Glass jars, Paints, Brushes",2 hours,Teens,Moderate,"Paint designs on glass jars using specialized paints, and let them dry to create decorative or functional pieces."
109,Guitar Jam Session,Indoor,"Guitar, Music sheets",1.5 hours,Teens,Moderate,"Play guitar with friends or family, follow music sheets or improvise, and enjoy a collaborative jam session."
110,Handmade Greeting Cards,Indoor,"Card stock, Markers, Stickers",1.5 hours,Teens,Moderate,"Design and decorate greeting cards using card stock, markers, and stickers, and personalize them for different occasions."
111,Home Brewing,Indoor,"Brewing equipment, Ingredients",2 hours,Teens,Moderate,"Use brewing equipment and ingredients to make homemade beverages like beer or kombucha, and follow fermentation processes."
112,Indoor Rock Climbing,Indoor,"Climbing shoes, Harness",2 hours,Teens,Challenging,"Climb indoor rock walls with climbing shoes and harnesses, and follow climbing routes of varying difficulty levels."
113,Jigsaw Puzzle Race,Indoor,Jigsaw puzzles,1.5 hours,School-aged,Moderate,"Race to complete jigsaw puzzles as quickly as possible, and challenge friends or family to see who finishes first."
114,Lawn Games,Outdoor,"Lawn games set, Space",1.5 hours,All ages,Easy,"Set up lawn games like cornhole, bocce, or horseshoes, and enjoy outdoor fun and friendly competition."
115,Magic Lantern Show,Indoor,"Magic lantern, Slide images",1.5 hours,All ages,Easy,"Use a magic lantern to project historical images or animations, and enjoy a nostalgic and educational visual experience."
116,Marathon Training,Outdoor,"Running gear, Training plan",2 hours,Teens,Moderate,"Follow a structured training plan for running a marathon, use proper gear, and build endurance through regular runs."
117,Martial Arts Class,Indoor,"Martial arts uniform, Mats",1.5 hours,Teens,Moderate,"Practice martial arts techniques and forms on mats, and learn self-defense moves in a structured class setting."
118,Music Composition,Indoor,"Music software, Instruments",2 hours,Teens,Moderate,"Compose original music using software and instruments, and create melodies, harmonies, and arrangements."
119,Origami for Beginners,Indoor,"Origami paper, Instruction guide",1.5 hours,School-aged,Easy,"Follow a guide to create simple origami figures, and learn basic folding techniques and paper art."
120,Outdoor Yoga Retreat,Outdoor,"Yoga mats, Nature setting",2 hours,All ages,Moderate,"Practice yoga in a natural outdoor setting, using mats for comfort, and focus on relaxation and connection with nature."
121,Pet Adoption Event,Outdoor,"Adoption information, Pet care supplies",2 hours,All ages,Easy,"Attend an event featuring pets available for adoption, learn about different animals, and potentially adopt a new pet."
122,Plant Propagation,Indoor,"Plant cuttings, Soil, Pots",1.5 hours,Teens,Moderate,"Propagate plants using cuttings, soil, and pots, and learn how to grow new plants from existing ones."
123,Puzzle Hunt,Outdoor,"Puzzle clues, Map",2 hours,Teens,Moderate,"Follow clues and solve puzzles scattered around a location, and enjoy a treasure hunt-style adventure."
124,Rally Car Racing,Outdoor,"Rally cars, Safety gear",2 hours,Teens,Challenging,"Drive rally cars on a designated course, and experience high-speed racing with proper safety gear."
125,Road Trip Planning,Indoor,"Maps, Travel guides",1.5 hours,All ages,Easy,"Plan a road trip itinerary using maps and travel guides, and discuss destinations, routes, and activities."
126,Rock Band Performance,Indoor,"Instruments, Sound equipment",2 hours,Teens,Moderate,"Perform as a rock band with various instruments and sound equipment, and enjoy a live music experience."
127,Sculpture Garden Visit,Outdoor,"Tickets, Comfortable shoes",2 hours,All ages,Easy,"Visit a garden featuring outdoor sculptures, and enjoy the art installations and landscaped surroundings."
128,Soap Carving,Indoor,"Soap bars, Carving tools",1.5 hours,Teens,Moderate,"Carve shapes and designs from bars of soap using carving tools, and create detailed soap sculptures."
129,Space Shuttle Simulation,Indoor,"VR headset, Simulation software",1.5 hours,Teens,Moderate,"Use a VR headset and simulation software to experience a space shuttle mission, and explore virtual space environments."
130,Spider Web Design,Indoor,"String, Cardboard",1 hour,School-aged,Easy,"Create spider web designs using string on cardboard, and explore patterns and shapes in a fun craft activity."
131,Star Wars-Themed Party,Indoor,"Star Wars decorations, Costumes",2 hours,All ages,Easy,"Host a Star Wars-themed party with decorations and costumes, and enjoy themed activities and games."
132,Sunset Photography,Outdoor,"Camera, Tripod",1.5 hours,Teens,Moderate,"Use a camera and tripod to capture the beauty of a sunset, focusing on composition and lighting techniques."
133,Tea Brewing Workshop,Indoor,"Tea leaves, Teapots",1.5 hours,Teens,Moderate,"Learn how to brew different types of tea using leaves and teapots, and enjoy tasting various tea blends."
134,Treasure Map Creation,Indoor,"Paper, Markers",1.5 hours,School-aged,Easy,"Create a treasure map using paper and markers, and design an adventure with hidden treasures and clues."
135,Virtual Escape Room,Indoor,"Computer, Escape room software",2 hours,Teens,Moderate,"Use computer software to solve puzzles and escape from a virtual room, and collaborate with others to complete the challenge."
136,Watercolor Resist Art,Indoor,"Watercolor paints, Wax crayons",1.5 hours,Teens,Moderate,"Use wax crayons to create designs on paper, paint over them with watercolor, and reveal the resist art effect."
137,Woodworking Workshop,Indoor,"Wood, Tools",2 hours,Teens,Moderate,"Use woodworking tools to create a project from wood, such as a small piece of furniture or a decorative item."
138,World Culture Festival,Outdoor,"Festival tickets, Cultural items",2 hours,All ages,Easy,"Attend a festival celebrating different world cultures, enjoy food, performances, and cultural displays."
139,Zumba Class,Indoor,"Music, Dance floor",1.5 hours,Teens,Moderate,"Participate in a Zumba class with energetic music and dance routines, and enjoy a fun workout session."
140,3D Printing Workshop,Indoor,"3D printer, Design files",2 hours,Teens,Moderate,"Use a 3D printer and design files to create custom 3D printed objects, and learn about the printing process."
141,Animal Tracking,Outdoor,"Field guide, Binoculars",2 hours,Teens,Moderate,Use a field guide and binoculars to track and identify animal tracks and signs in a natural environment.
142,Astronomy Workshop,Indoor,"Telescopes, Star maps",2 hours,Teens,Moderate,"Learn about astronomy using telescopes and star maps, and explore the night sky through guided observations."
143,Baking Bread Workshop,Indoor,"Bread ingredients, Oven",2 hours,Teens,Moderate,"Prepare and bake different types of bread, following recipes and techniques for making artisanal loaves."
144,Beekeeping Experience,Outdoor,"Beekeeping suit, Hive tools",2 hours,Teens,Moderate,"Learn about beekeeping, inspect a hive with the help of an instructor, and understand the process of honey production."
145,Bike Repair Clinic,Indoor,"Bike tools, Repair kit",1.5 hours,Teens,Moderate,"Learn how to repair and maintain bikes using tools and a repair kit, and practice fixing common bike issues."
146,Botanical Garden Tour,Outdoor,"Tickets, Comfortable shoes",2 hours,All ages,Easy,"Explore a botanical garden, learn about different plant species, and enjoy the landscaped gardens and exhibits."
147,Candle Dipping,Indoor,"Wax, Wicks, Dipping pots",1.5 hours,Teens,Moderate,"Dip wicks into melted wax to create candles, layering the wax to build up color and texture."
148,Cheese Tasting,Indoor,"Cheese samples, Tasting notes",1.5 hours,Teens,Easy,"Sample a variety of cheeses, use tasting notes to describe flavors and textures, and enjoy a culinary experience."
149,Chocolate Making,Indoor,"Chocolate ingredients, Molds",2 hours,Teens,Moderate,"Melt chocolate and pour it into molds to create custom chocolates, and add flavorings or decorations as desired."
150,Creative Writing Workshop,Indoor,"Writing prompts, Paper, Pens",2 hours,Teens,Moderate,"Use writing prompts to generate story ideas, and practice creative writing techniques in a workshop setting."
151,Dance Flash Mob,Outdoor,"Dance routine, Music",2 hours,Teens,Moderate,"Rehearse and perform a choreographed dance routine in a public space, and engage with an audience in a flash mob event."
152,Digital Art Creation,Indoor,"Drawing tablet, Art software",2 hours,Teens,Moderate,"Use a drawing tablet and art software to create digital artworks, exploring different tools and techniques."
153,Dinosaur Dig,Outdoor,"Dig tools, Fossil replicas",2 hours,Teens,Moderate,"Simulate a dinosaur dig using tools to uncover fossil replicas, and learn about paleontology and prehistoric creatures."
154,DIY Jewelry Making,Indoor,"Beads, Wire, Tools",2 hours,Teens,Moderate,"Create custom jewelry pieces using beads, wire, and jewelry-making tools, and design necklaces, bracelets, or earrings."
155,Drone Photography,Outdoor,"Drone, Camera",2 hours,Teens,Moderate,"Use a drone equipped with a camera to capture aerial photographs, and explore different perspectives and shots."
156,Eagle Watching,Outdoor,"Binoculars, Field guide",2 hours,Teens,Moderate,"Observe eagles in their natural habitat using binoculars and a field guide, and learn about their behaviors and characteristics."
157,Edible Garden Planting,Outdoor,"Seeds, Soil, Pots",1.5 hours,School-aged,Easy,"Plant seeds in pots or garden beds, and care for them as they grow into edible plants, such as herbs or vegetables."
158,Fire Dancing,Outdoor,"Fire poi, Safety equipment",2 hours,Teens,Challenging,"Practice fire dancing with fire poi and safety equipment, and perform fire art while following safety protocols."
159,Fishing in a Pond,Outdoor,"Fishing gear, Bait",2 hours,Teens,Moderate,"Use fishing gear and bait to catch fish in a pond, and learn about fishing techniques and local fish species."
160,Forest Foraging,Outdoor,"Foraging guide, Basket",2 hours,Teens,Moderate,"Use a foraging guide to identify and collect edible plants, mushrooms, or herbs in a forest, and learn about wild food sources."
161,Glass Blowing,Indoor,"Glass rods, Furnace",3 hours,Teens,Challenging,"Create glass art by melting and shaping glass rods in a furnace, and craft intricate glass pieces with expert guidance."
162,Gourmet Cooking Class,Indoor,"Cooking ingredients, Utensils",2 hours,Teens,Moderate,"Learn to prepare gourmet dishes using high-quality ingredients and cooking techniques, and enjoy a meal together."
163,Hiking Trail Exploration,Outdoor,"Hiking gear, Trail map",2 hours,Teens,Moderate,"Explore a hiking trail using gear and a trail map, and enjoy the natural scenery and physical activity."
164,Ice Fishing,Outdoor,"Fishing gear, Ice auger",3 hours,Teens,Moderate,"Drill holes in ice, use fishing gear to catch fish, and enjoy a winter fishing experience on a frozen lake."
165,Indoor Skydiving,Indoor,"Wind tunnel, Flight suit",1.5 hours,Teens,Moderate,"Experience freefall in a wind tunnel with a flight suit, and enjoy the sensation of skydiving indoors."
166,Japanese Tea Ceremony,Indoor,"Tea set, Green tea",1.5 hours,Teens,Moderate,"Participate in a traditional Japanese tea ceremony, learning about tea preparation and the cultural significance of the ceremony."
167,Kayaking on a River,Outdoor,"Kayak, Paddle, Life jacket",2 hours,Teens,Moderate,"Paddle a kayak on a river, follow safety guidelines, and enjoy exploring the waterway."
168,Kite Flying,Outdoor,"Kites, Open space",1.5 hours,All ages,Easy,"Fly kites in an open space, and enjoy the visual spectacle and fun of keeping the kite aloft."
169,Laser Engraving,Indoor,"Laser engraver, Materials",2 hours,Teens,Moderate,"Use a laser engraver to etch designs onto materials like wood or metal, and create customized items."
170,Live Theater Improv,Indoor,"Stage, Props",2 hours,Teens,Moderate,"Participate in or watch an improv theater performance with live actors and props, and enjoy spontaneous and creative acting."
171,Marine Biology Lab,Indoor,"Microscopes, Specimens",2 hours,Teens,Moderate,"Examine marine specimens under microscopes, learn about marine biology, and conduct experiments in a lab setting."
172,Model Train Set,Indoor,"Train set, Tracks",2 hours,School-aged,Moderate,"Assemble and operate a model train set, laying tracks and controlling trains to create miniature railways."
173,Nature Sketching,Outdoor,"Sketchbook, Pencils",1.5 hours,Teens,Easy,"Sketch natural scenes or wildlife in a sketchbook using pencils, focusing on capturing details and textures."
174,Origami Art Installation,Indoor,"Origami paper, Display materials",2 hours,Teens,Moderate,"Create and display large-scale origami art installations using multiple pieces of paper, and design intricate patterns."
175,Outdoor Movie Night,Outdoor,"Projector, Screen",2 hours,All ages,Easy,"Set up an outdoor movie screening with a projector and screen, and enjoy a film under the stars with seating and snacks."
176,Parkour Training,Outdoor,"Safety gear, Training space",2 hours,Teens,Challenging,"Practice parkour moves and techniques in a safe training environment, and work on agility and strength."
177,Pet Costume Parade,Outdoor,"Pet costumes, Parade route",1.5 hours,All ages,Easy,"Organize a parade for pets in costumes, walk along a designated route, and enjoy a fun and festive event."
178,Pottery Wheel Throwing,Indoor,"Pottery wheel, Clay",2 hours,Teens,Moderate,"Use a pottery wheel to shape and throw clay, and create pottery pieces like bowls or vases."
179,Quilting Workshop,Indoor,"Fabric, Sewing machine",2 hours,Teens,Moderate,"Learn to quilt by sewing fabric pieces together to create a quilted item, such as a blanket or cushion cover."
180,Rappelling Adventure,Outdoor,"Harness, Rappel device",2 hours,Teens,Challenging,"Use a harness and rappel device to descend rock faces or vertical surfaces, following safety procedures."
181,Sculpting with Wood,Indoor,"Wood blocks, Carving tools",2 hours,Teens,Moderate,"Carve sculptures from wood blocks using specialized tools, and create artistic or functional wooden pieces."
182,Stained Glass Art,Indoor,"Glass pieces, Lead came",2 hours,Teens,Moderate,"Create stained glass art by cutting glass pieces and assembling them with lead came, and finish with soldering."
183,Surfing Lesson,Outdoor,"Surfboard, Wetsuit",2 hours,Teens,Moderate,"Take a surfing lesson, learn basic techniques, and practice riding waves with the help of an instructor and appropriate gear."
184,Virtual Reality Gaming,Indoor,"VR headset, Gaming console",2 hours,Teens,Moderate,"Play immersive games using a VR headset and gaming console, and explore virtual worlds and interactive experiences."
185,Wildlife Photography,Outdoor,"Camera, Telephoto lens",2 hours,Teens,Moderate,"Photograph wildlife using a camera with a telephoto lens, and capture images of animals in their natural habitat."
186,Wine Tasting Event,Indoor,"Wine samples, Tasting notes",1.5 hours,Teens,Easy,"Sample a selection of wines, use tasting notes to describe the flavors, and learn about different wine varieties."
187,Wood Carving,Indoor,"Wood blocks, Carving tools",2 hours,Teens,Moderate,"Carve detailed designs into wood blocks using carving tools, and create intricate wooden sculptures or ornaments."
188,Worm Composting,Indoor,"Compost bin, Worms",1.5 hours,Teens,Easy,"Set up a compost bin with worms to recycle kitchen scraps into nutrient-rich compost, and learn about composting benefits."
189,Adventure Obstacle Course,Outdoor,"Obstacle course setup, Safety gear",2 hours,Teens,Challenging,"Navigate through an obstacle course with various challenges, using safety gear and working on physical endurance."
190,Airplane Model Building,Indoor,"Model kit, Glue, Paint",2 hours,Teens,Moderate,"Assemble and paint an airplane model kit, following instructions for accurate details and design."
191,Aquatic Life Study,Outdoor,"Field guide, Notebook, Binoculars",2 hours,Teens,Moderate,"Study aquatic life using a field guide and binoculars, and record observations of different water organisms."
192,Astronaut Training Simulation,Indoor,"Simulation equipment, VR headset",2 hours,Teens,Challenging,"Experience astronaut training through simulation equipment and a VR headset, focusing on space missions and activities."
193,Beach Clean-Up,Outdoor,"Trash bags, Gloves",2 hours,All ages,Easy,"Participate in cleaning up a beach by collecting trash and debris, and contribute to environmental conservation."
194,Birdhouse Building,Outdoor,"Wood, Tools, Paint",2 hours,School-aged,Moderate,"Build and paint a birdhouse using wood and tools, and place it in a suitable location to attract birds."
195,Botany Exploration,Outdoor,"Plant samples, Notebook, Magnifying glass",2 hours,Teens,Moderate,"Explore different plant species using samples, a notebook, and a magnifying glass, and learn about plant biology."
196,Campfire Cooking,Outdoor,"Campfire setup, Cooking utensils",2 hours,All ages,Easy,"Cook meals over a campfire using appropriate utensils, and enjoy a meal in a natural outdoor setting."
197,Cardboard Boat Race,Outdoor,"Cardboard, Tape, Markers",1.5 hours,School-aged,Moderate,"Design and build boats from cardboard, then race them on a watercourse, and see whose boat performs best."
198,Ceramic Tile Mosaics,Indoor,"Ceramic tiles, Grout, Adhesive",2 hours,Teens,Moderate,"Create mosaic art using ceramic tiles, grout, and adhesive, and design patterns or images on a tile surface."
199,Chess Tournament,Indoor,"Chess sets, Timer",2 hours,Teens,Moderate,"Participate in a chess tournament with sets and a timer, and compete in matches to test strategic skills."
200,Chocolate Tasting Tour,Indoor,"Chocolate samples, Tasting notes",1.5 hours,Teens,Easy,"Sample various types of chocolate, use tasting notes to describe flavors, and enjoy a tour of different chocolate types."
201,City Scavenger Hunt,Outdoor,"Clues, Map, Notebook",2 hours,Teens,Moderate,"Solve clues and complete challenges throughout a city using a map and notebook, and discover hidden locations."
202,Clay Pottery,Indoor,"Clay, Pottery tools",2 hours,Teens,Moderate,"Create pottery pieces from clay using pottery tools, and learn shaping and molding techniques."
203,Dance Choreography Workshop,Indoor,"Music, Dance floor",2 hours,Teens,Moderate,"Learn and practice new dance choreography in a workshop, and perform routines with others."
204,Elderly Care Volunteer,Indoor,"Activity materials, Volunteer kit",2 hours,All ages,Easy,"Engage in activities with elderly individuals, providing companionship and support, and use materials from a volunteer kit."
205,Folk Music Jam,Indoor,"Folk instruments, Music sheets",2 hours,Teens,Moderate,"Play folk music with various instruments and music sheets, and enjoy a collaborative jam session."
206,Fruit Picking,Outdoor,"Harvest baskets, Gloves",2 hours,All ages,Easy,"Pick fruits from trees or plants using harvest baskets and gloves, and enjoy the process of collecting fresh produce."
207,Geocaching Adventure,Outdoor,"GPS device, Geocache containers",2 hours,Teens,Moderate,"Search for hidden geocaches using a GPS device, and enjoy the adventure of locating containers in various locations."
208,Glass Staining Workshop,Indoor,"Glass panes, Stain, Brushes",2 hours,Teens,Moderate,"Create stained glass designs using glass panes, stain, and brushes, and make decorative glass items."
209,Graffiti Art,Outdoor,"Spray paint, Stencils",2 hours,Teens,Moderate,"Use spray paint and stencils to create graffiti art on designated walls or surfaces, and explore street art techniques."
210,Herbal Medicine Workshop,Indoor,"Herbs, Preparation tools",2 hours,Teens,Moderate,"Learn to prepare herbal remedies using various herbs and tools, and understand their medicinal properties."
211,Historical Reenactment,Outdoor,"Costumes, Props",2 hours,Teens,Moderate,"Participate in a historical reenactment with costumes and props, and bring historical events to life through acting."
212,Indoor Climbing Wall,Indoor,"Climbing harness, Chalk",2 hours,Teens,Challenging,"Climb on an indoor climbing wall using a harness and chalk, and challenge yourself with different climbing routes."
213,Interactive Science Museum,Indoor,"Museum tickets, Science exhibits",2 hours,All ages,Easy,"Explore interactive exhibits at a science museum, and engage with hands-on activities and educational displays."
214,Jewelry Repair Clinic,Indoor,"Jewelry tools, Repair kit",1.5 hours,Teens,Moderate,"Learn to repair and restore jewelry using tools and a repair kit, and fix damaged pieces."
215,Jungle Safari Simulation,Indoor,"VR headset, Simulation software",2 hours,Teens,Moderate,"Experience a jungle safari using a VR headset and simulation software, and explore virtual wildlife and landscapes."
216,Kite Making Workshop,Indoor,"Kite materials, Glue",1.5 hours,School-aged,Easy,"Create and decorate kites using materials and glue, and prepare them for flying on a windy day."
217,Lego Building Challenge,Indoor,Lego sets,1.5 hours,School-aged,Moderate,"Build structures or models using Lego sets, and participate in a challenge to create the most impressive design."
218,Marine Conservation Project,Outdoor,"Conservation tools, Research materials",2 hours,Teens,Moderate,"Participate in a marine conservation project, using tools and research materials to protect and study marine ecosystems."
219,Miniature Garden Creation,Indoor,"Plants, Soil, Pots",1.5 hours,Teens,Moderate,"Create a miniature garden in small pots using plants, soil, and decorative items, and design a small-scale garden."
220,Model Rocket Launch,Outdoor,"Rocket kit, Launch pad",2 hours,Teens,Moderate,"Assemble and launch model rockets using a kit and launch pad, and observe the flight and recovery of the rockets."
221,Nature Photography Workshop,Outdoor,"Camera, Tripod",2 hours,Teens,Moderate,"Attend a workshop on nature photography, use a camera and tripod to capture stunning outdoor scenes and wildlife."
222,Puppet Making,Indoor,"Fabric, Puppets kits",1.5 hours,School-aged,Moderate,"Create and decorate puppets using fabric and kits, and use them for puppet shows and storytelling."
223,Quilling Art,Indoor,"Quilling paper, Tools",1.5 hours,Teens,Moderate,"Create intricate designs and artworks using quilling paper and tools, and explore the art of paper quilling."
224,Rock Balancing,Outdoor,"Rocks, Stability guide",1.5 hours,Teens,Easy,"Balance and stack rocks to create sculptures, using a stability guide to explore techniques and create artistic arrangements."
225,Sandcastle Building,Outdoor,"Buckets, Shovels",1.5 hours,All ages,Easy,"Build elaborate sandcastles on the beach using buckets and shovels, and enjoy creative sand sculpting."
226,Scenic Train Ride,Outdoor,"Train tickets, Scenic route",2 hours,All ages,Easy,"Enjoy a scenic train ride through picturesque landscapes, and relax while observing the views from the train."
227,Science Experiment Lab,Indoor,"Lab equipment, Experiment kits",2 hours,Teens,Moderate,"Conduct various science experiments using lab equipment and kits, and learn about scientific principles and results."
228,Seasonal Craft Fair,Indoor,"Craft materials, Display tables",2 hours,All ages,Easy,"Participate in a craft fair with various seasonal crafts, and explore and purchase handmade items from local artisans."
229,Skiing Lesson,Outdoor,"Ski gear, Instructor",2 hours,Teens,Moderate,"Take a skiing lesson with proper gear and an instructor, and learn basic skiing techniques and safety practices."
230,Soap Making Workshop,Indoor,"Soap base, Molds, Fragrances",2 hours,Teens,Moderate,"Make custom soaps using a base, molds, and fragrances, and learn about the soap-making process and techniques."
231,Space Exploration Simulation,Indoor,"VR headset, Space software",2 hours,Teens,Moderate,"Experience space exploration through simulation software and a VR headset, and explore virtual space missions."
232,Stargazing Event,Outdoor,"Telescopes, Star charts",2 hours,All ages,Easy,"Use telescopes and star charts to observe celestial objects, and enjoy a guided stargazing session."
233,Storytelling Workshop,Indoor,"Story prompts, Paper, Pens",2 hours,School-aged,Moderate,"Attend a workshop on storytelling using prompts and paper, and practice creating engaging stories and narratives."
234,Sustainable Living Seminar,Indoor,"Seminar materials, Sustainable products",2 hours,Teens,Moderate,"Learn about sustainable living practices through a seminar, and explore products and techniques for eco-friendly living."
235,Tennis Clinic,Outdoor,"Tennis rackets, Balls",2 hours,Teens,Moderate,"Participate in a tennis clinic with rackets and balls, and practice skills and techniques with instruction and drills."
236,Theater Workshop,Indoor,"Costumes, Scripts",2 hours,Teens,Moderate,"Participate in a theater workshop, rehearsing scenes with costumes and scripts, and learn about acting and stage performance."
237,Virtual Reality Escape Room,Indoor,"VR headset, Escape room software",2 hours,Teens,Moderate,"Solve puzzles and complete challenges in a virtual escape room using a VR headset and software, and work with a team to escape."
238,Woodworking Project,Indoor,"Wood, Tools",2 hours,Teens,Moderate,"Complete a woodworking project using wood and tools, and create functional or decorative wooden items."
239,Wreath Making,Indoor,"Wreath base, Decorative materials",1.5 hours,Teens,Moderate,"Create decorative wreaths using bases and various materials, and design seasonal or themed wreaths for display."
240,Zoology Field Trip,Outdoor,"Field guide, Binoculars",2 hours,Teens,Moderate,"Explore animal behavior and habitats on a field trip with a field guide and binoculars, and learn about zoological research."
